<document>
  <properties>
    <author email="derrickoswald@sourceforge.net">Derrick Oswald</author>
    <title>HTML Parser To Do List</title>
  </properties>
  <head>
    <meta http-equiv="Content-Type" content="text/html; charset=iso-8859-1"></meta>
    <meta name="KeyWords" content="todo,htmlparser,java"/>
    <link rel="stylesheet" type="text/css" href="javadoc/stylesheet.css" title="Style"/>
  </head>
  <body>
    <section name="ToDo Before SVN Commit">
      <subsection name="Samples">
        <p>Adding the copy operation to set up the samples in the target site causes dependancy problems (at least in the install phase):
        <source>
                &lt;mkdir dir=&quot;target/site/samples&quot;/&gt;
                &lt;copy file=&quot;filterbuilder/src/main/resources/filterbuilder.jnlp&quot; tofile=&quot;target/site/samples/filterbuilder.jnlp&quot; overwrite=&quot;true&quot;/&gt;
                &lt;copy file=&quot;sitecapturer/src/main/resources/sitecapturer.jnlp&quot; tofile=&quot;target/site/samples/sitecapturer.jnlp&quot; overwrite=&quot;true&quot;/&gt;
                &lt;copy file=&quot;thumbelina/src/main/resources/thumbelina.jnlp&quot; tofile=&quot;target/site/samples/thumbelina.jnlp&quot; overwrite=&quot;true&quot;/&gt;
                &lt;copy file=&quot;lexer/target/signed/htmllexer.jar&quot; tofile=&quot;target/site/samples/htmllexer.jar&quot; overwrite=&quot;true&quot;/&gt;
                &lt;copy file=&quot;parser/target/signed/htmlparser.jar&quot; tofile=&quot;target/site/samples/htmlparser.jar&quot; overwrite=&quot;true&quot;/&gt;
                &lt;copy file=&quot;filterbuilder/target/signed/filterbuilder.jar&quot; tofile=&quot;target/site/samples/filterbuilder.jar&quot; overwrite=&quot;true&quot;/&gt;
                &lt;copy file=&quot;sitecapturer/target/signed/sitecapturer.jar&quot; tofile=&quot;target/site/samples/sitecapturer.jar&quot; overwrite=&quot;true&quot;/&gt;
                &lt;copy file=&quot;thumbelina/target/signed/thumbelina.jar&quot; tofile=&quot;target/site/samples/thumbelina.jar&quot; overwrite=&quot;true&quot;/&gt;
        </source>
        </p>
      </subsection>
    </section>
    <section name="Higher Priority">
      <subsection name="Version">
        <p>automatic version in Parser and Lexer constants</p>
        <p>versionsource target conversion</p>
        <source>
          &lt;plugin&gt;
            &lt;artifactId&gt;maven-antrun-plugin&lt;/artifactId&gt;
            &lt;executions&gt;
              &lt;execution&gt;
                &lt;phase&gt;validate&lt;/phase&gt;
                &lt;configuration&gt;
                  &lt;tasks&gt;
        &lt;tstamp&gt;
          &lt;format property=&quot;TODAY&quot; pattern=&quot;yyyyMMdd&quot; locale=&quot;en&quot;/&gt;
          &lt;format property=&quot;TODAY_STRING&quot; pattern=&quot;MMM dd, yyyy&quot;/&gt;
        &lt;/tstamp&gt;
        &lt;property name=&quot;versionTag&quot; value=&quot;${versionQualifier}_${TODAY}&quot;/&gt;
        &lt;echo message=&quot;today is ${TODAY_STRING}&quot;/&gt;
        &lt;echo message=&quot;versionTag=${versionTag}&quot;/&gt;
    
        &lt;!-- retrieve VERSION_XXX properties from Parser.java  --&gt;
        &lt;loadproperties srcFile=&quot;${basedir}/src/main/java/org/htmlparser/Parser.java&quot;&gt;
          &lt;filterchain&gt;
            &lt;linecontains&gt;
              &lt;contains value=&quot;VERSION_&quot;/&gt;
            &lt;/linecontains&gt;
            &lt;filterreader classname=&quot;org.apache.tools.ant.filters.StripLineBreaks&quot;&gt;
              &lt;param name=&quot;linebreaks&quot; value=&quot;)&amp;quot;&quot;/&gt;
            &lt;/filterreader&gt;
          &lt;/filterchain&gt;
        &lt;/loadproperties&gt;
    
        &lt;echo message=&quot;previous version number = ${VERSION_NUMBER}&quot;/&gt;
        &lt;echo message=&quot;previous version type = ${VERSION_TYPE}&quot;/&gt;
        &lt;echo message=&quot;previous version date = ${VERSION_DATE}&quot;/&gt;
    
                  &lt;/tasks&gt;
                &lt;/configuration&gt;
                &lt;goals&gt;
                  &lt;goal&gt;run&lt;/goal&gt;
                &lt;/goals&gt;
              &lt;/execution&gt;
            &lt;/executions&gt;
          &lt;/plugin&gt;
        </source>
      </subsection>
      <subsection name="Unit tests">
        CharacterTranslationTest is weird with compiler and it's own SimpleClassLoader so it fails - fix
      </subsection>
      <subsection name="Non-maven Support">
        <p>ant script generation</p>
        <p>netbeans and eclipse project generation</p>
      </subsection>
      <subsection name="Deploy">
        <p>need .m2/settings.xml with ftp, and other distribution settings http://maven.apache.org/maven-settings/settings.html</p>
        <p>or use %M2_HOME%/conf/settings.xml or ${basedir}/profiles.xml</p>
      </subsection>
      <subsection name="JavaDoc">
        <p>Javadoc doesn't work across modules, avoid use of antrun.</p>
        <p>Many problems with javadoc formating...
          <source>
            overview, copyright date
          </source>
        </p>
        <p>or need to somehow get the antrun plugin to run as part of the site:site goal, workaround:
          <source>
            mvn clean install site assembly:assembly
          </source>
        </p>
      </subsection>
    </section>
    <section name="Lower Priority">
      <subsection name="Site">
       <p>For some reason the following are now illegal in the site.xml... why?
          <source>
              &lt;title&gt;HTML Parser&lt;/title&gt;
              &lt;footer&gt;
                &lt;A href=&quot;http://sourceforge.net/projects/htmlparser&quot;&gt;
                &lt;img src=&quot;http://sourceforge.net/sflogo.php?group_id&amp;#61;24399&amp;amp;type&amp;#61;1&quot; width=&quot;88&quot; height=&quot;31&quot; border=&quot;0&quot; alt=&quot;SourceForge.net&quot;/&gt;&lt;/A&gt;
              &lt;/footer&gt;
              &lt;search/&gt;
          </source>
        </p>
        <p>dependencies report is failing with null pointer because of:
          <source>
                  &lt;dependencies&gt;
                    &lt;dependency&gt;
                      &lt;groupId&gt;com.sun&lt;/groupId&gt;
                      &lt;artifactId&gt;tools&lt;/artifactId&gt;
                      &lt;version&gt;1.5.0&lt;/version&gt;
                      &lt;scope&gt;system&lt;/scope&gt;
                      &lt;systemPath&gt;${java.home}/../lib/tools.jar&lt;/systemPath&gt;
                    &lt;/dependency&gt;
                  &lt;/dependencies&gt;
          </source>
        </p>
        <p>contributors.html -&gt; project members, may need a new velocity template</p>
        <p>update samples page</p>
        <p>check package.html files</p>
      </subsection>
      <subsection name="Refactor">
        <p>Move lexer and parser applications to just 'applications', 'examples' or 'samples'.<br/>
          - new package.html as mixture of parserapplications and lexerapplications</p>
        <p>Move BeanyBaby out of beans and into 'applications', 'examples' or 'samples'.<br/>
          - need to update project pom modules section and javadoc section<br/>
          - also update assembly files</p>
        <p>Move SiteCapturer into it's own directory.</p>
        <p>split out lexertests (dependancy on ParserTestCase and hence Parser)</p>
      </subsection>
      <subsection name="GroupId">
        <p>Is &lt;groupId&gt;org.apache.maven.plugins&lt;/groupId&gt; needed in maven-jar-plugin override for signing jars?</p>
      </subsection>
      <subsection name="Java-Beans">
        <p>Avoid using manifest file and generated manifest has Extension-Name attribute,
        see http://jira.codehaus.org/browse/MJAR-38
        http://jira.codehaus.org/browse/MJAR-39
        and http://jira.codehaus.org/browse/MWAR-34
        </p>
      </subsection>
      <subsection name="Code Checking">
        <p>checkstyle doesn't understand my settings</p>
        <p>code checking tools:
          <source>
            &lt;plugin&gt;
              &lt;groupId&gt;org.apache.maven.plugins&lt;/groupId&gt;
              &lt;artifactId&gt;maven-pmd-plugin&lt;/artifactId&gt;
            &lt;/plugin&gt;
            &lt;plugin&gt;
              &lt;groupId&gt;org.apache.maven.plugins&lt;/groupId&gt;
              &lt;artifactId&gt;maven-checkstyle-plugin&lt;/artifactId&gt;
              &lt;configuration&gt;
                &lt;configLocation&gt;src/main/resources/htmlparser_checks.xml&lt;/configLocation&gt;
                &lt;basedir&gt;src/main/java&lt;/basedir&gt;
               &lt;/configuration&gt;
            &lt;/plugin&gt;
          </source>
        </p>
      </subsection>
      <subsection name="Site">
        <p>combine mailing list documentation which is currently in two places</p>
      </subsection>
    </section>
  </body>
</document>
