<assembly>
  <id>bin</id>
  <formats>
    <format>zip</format>
  </formats>
  <fileSets>
    <fileSet>
      <directory>src/main/resources</directory>
      <outputDirectory></outputDirectory>
      <includes>
        <include>readme.html</include>
        <include>license.txt</include>
      </includes>
    </fileSet>
    <fileSet>
      <directory>parser/target</directory>
      <outputDirectory>lib</outputDirectory>
      <includes>
        <include>*.jar</include>
      </includes>
    </fileSet>
    <fileSet>
      <directory>lexer/target</directory>
      <outputDirectory>lib</outputDirectory>
      <includes>
        <include>*.jar</include>
      </includes>
    </fileSet>
    <fileSet>
      <directory>filterbuilder/target</directory>
      <outputDirectory>lib</outputDirectory>
      <includes>
        <include>*.jar</include>
      </includes>
    </fileSet>
    <fileSet>
      <directory>sitecapturer/target</directory>
      <outputDirectory>lib</outputDirectory>
      <includes>
        <include>*.jar</include>
      </includes>
    </fileSet>
    <fileSet>
      <directory>thumbelina/target</directory>
      <outputDirectory>lib</outputDirectory>
      <includes>
        <include>*.jar</include>
      </includes>
    </fileSet>
    <fileSet>
      <directory>src/main/bin</directory>
      <outputDirectory>bin</outputDirectory>
      <includes>
        <include>*</include>
      </includes>
      <fileMode>744</fileMode>
      <lineEnding>unix</lineEnding>
    </fileSet>
    <fileSet>
      <directory>src/main/bin</directory>
      <outputDirectory>bin</outputDirectory>
      <includes>
        <include>*.cmd</include>
      </includes>
    </fileSet>
  </fileSets>
</assembly>