<?xml version="1.0" encoding="UTF-8"?>
<AWTTestScript desc="Change font family">
  <component class="example.ArrowButton" id="ArrowButton Instance" title="Font Chooser unit test" />
  <component class="javax.swing.JTextField" id="JTextField Instance" title="Font Chooser unit test" />
  <component class="javax.swing.JLabel" id="Sample Text" index="1" tag="The quick brown fox jumped over the lazy dog" title="Font Chooser unit test" />
  <component class="javax.swing.JCheckBox" id="bold" tag="bold" title="Font Chooser unit test" />
  <component class="javax.swing.JCheckBox" id="italic" tag="italic" title="Font Chooser unit test" />
  <fixture filename="fixture.xml" />
  <assert component="Sample Text" method="getFont" value="/.*style=plain,size=10.*/" />
  <action args="bold" class="javax.swing.JCheckBox" desc="Click button 'bold'" method="actionClick" />
  <action args="italic" class="javax.swing.JCheckBox" desc="Click button 'italic'" method="actionClick" />
  <assert component="Sample Text" method="getFont" value="/.*style=bolditalic,size=10.*/" />
</AWTTestScript>

